<PAMDataset>
  <Metadata>
    <MDI key="XML_com.adobe.xmp">&lt;x:xmpmeta xmlns:x="adobe:ns:meta/" x:xmptk="XMP Core 6.0.0"&gt;
   &lt;rdf:RDF xmlns:rdf="http://www.w3.org/1999/02/22-rdf-syntax-ns#"&gt;
      &lt;rdf:Description rdf:about=""
            xmlns:exif="http://ns.adobe.com/exif/1.0/"&gt;
         &lt;exif:PixelYDimension&gt;491&lt;/exif:PixelYDimension&gt;
         &lt;exif:PixelXDimension&gt;750&lt;/exif:PixelXDimension&gt;
         &lt;exif:UserComment&gt;Screenshot&lt;/exif:UserComment&gt;
      &lt;/rdf:Description&gt;
   &lt;/rdf:RDF&gt;
&lt;/x:xmpmeta&gt;
</MDI>
  </Metadata>
  <Metadata domain="IMAGE_STRUCTURE">
    <MDI key="INTERLEAVE">PIXEL</MDI>
  </Metadata>
  <PAMRasterBand band="1">
    <Metadata>
      <MDI key="STATISTICS_MAXIMUM">225</MDI>
      <MDI key="STATISTICS_MEAN">185.49633129667</MDI>
      <MDI key="STATISTICS_MINIMUM">0</MDI>
      <MDI key="STATISTICS_STDDEV">22.995179254736</MDI>
      <MDI key="STATISTICS_VALID_PERCENT">100</MDI>
    </Metadata>
  </PAMRasterBand>
  <PAMRasterBand band="2">
    <Metadata>
      <MDI key="STATISTICS_MAXIMUM">178</MDI>
      <MDI key="STATISTICS_MEAN">171.90168092329</MDI>
      <MDI key="STATISTICS_MINIMUM">0</MDI>
      <MDI key="STATISTICS_STDDEV">22.684324554059</MDI>
      <MDI key="STATISTICS_VALID_PERCENT">100</MDI>
    </Metadata>
  </PAMRasterBand>
  <PAMRasterBand band="3">
    <Metadata>
      <MDI key="STATISTICS_MAXIMUM">203</MDI>
      <MDI key="STATISTICS_MEAN">147.62336727766</MDI>
      <MDI key="STATISTICS_MINIMUM">0</MDI>
      <MDI key="STATISTICS_STDDEV">18.369951254588</MDI>
      <MDI key="STATISTICS_VALID_PERCENT">100</MDI>
    </Metadata>
  </PAMRasterBand>
</PAMDataset>
